-- PBMed seed data
SET FOREIGN_KEY_CHECKS = 0;

TRUNCATE `appointment`;
INSERT INTO `appointment` (`id`, `doctor_id`, `patient_id`, `patient_profile_id`, `start_date`, `start_time`, `rejection_reason`, `created_at`, `confirmed_at`, `rejected_at`, `summary`, `description`, `status_id`, `time_id`) VALUES (1, 15, 22, 1, '2026-06-23', '09:00', '', NULL, NULL, NULL, 'Kham tong quat - dau dau', 'Dau dau keo dai', 1, 1);
INSERT INTO `appointment` (`id`, `doctor_id`, `patient_id`, `patient_profile_id`, `start_date`, `start_time`, `rejection_reason`, `created_at`, `confirmed_at`, `rejected_at`, `summary`, `description`, `status_id`, `time_id`) VALUES (2, 16, 23, 3, '2026-06-23', '09:30', '', NULL, NULL, NULL, 'Tai kham huyet ap', 'Tai kham dinh ky', 1, 2);
INSERT INTO `appointment` (`id`, `doctor_id`, `patient_id`, `patient_profile_id`, `start_date`, `start_time`, `rejection_reason`, `created_at`, `confirmed_at`, `rejected_at`, `summary`, `description`, `status_id`, `time_id`) VALUES (3, 17, 24, 5, '2026-06-24', '10:00', '', NULL, NULL, NULL, 'Kham dau bung tre em', 'Tre dau bung ha vi', 1, 3);
INSERT INTO `appointment` (`id`, `doctor_id`, `patient_id`, `patient_profile_id`, `start_date`, `start_time`, `rejection_reason`, `created_at`, `confirmed_at`, `rejected_at`, `summary`, `description`, `status_id`, `time_id`) VALUES (4, 18, 25, 7, '2026-06-24', '09:00', '', NULL, NULL, NULL, 'Kham thai dinh ky', 'Kham thai tuan 20', 1, 1);
INSERT INTO `appointment` (`id`, `doctor_id`, `patient_id`, `patient_profile_id`, `start_date`, `start_time`, `rejection_reason`, `created_at`, `confirmed_at`, `rejected_at`, `summary`, `description`, `status_id`, `time_id`) VALUES (5, 19, 26, 9, '2026-06-25', '10:30', '', NULL, NULL, NULL, 'Kham tim mach', 'Dau nguc trai', 2, 4);
INSERT INTO `appointment` (`id`, `doctor_id`, `patient_id`, `patient_profile_id`, `start_date`, `start_time`, `rejection_reason`, `created_at`, `confirmed_at`, `rejected_at`, `summary`, `description`, `status_id`, `time_id`) VALUES (6, 15, 22, 2, '2026-06-25', '09:30', '', NULL, NULL, NULL, 'Tai kham noi khoa', 'Viem xoang', 1, 2);
INSERT INTO `appointment` (`id`, `doctor_id`, `patient_id`, `patient_profile_id`, `start_date`, `start_time`, `rejection_reason`, `created_at`, `confirmed_at`, `rejected_at`, `summary`, `description`, `status_id`, `time_id`) VALUES (7, 16, 23, 4, '2026-06-26', '10:00', '', NULL, NULL, NULL, 'Kham ho ra mau', 'Ho dom lan mau', 2, 3);
INSERT INTO `appointment` (`id`, `doctor_id`, `patient_id`, `patient_profile_id`, `start_date`, `start_time`, `rejection_reason`, `created_at`, `confirmed_at`, `rejected_at`, `summary`, `description`, `status_id`, `time_id`) VALUES (8, 17, 24, 6, '2026-06-26', '09:00', '', NULL, NULL, NULL, 'Kham nhiet - sot cao', 'Sot cao 39C 3 ngay', 3, 1);
INSERT INTO `appointment` (`id`, `doctor_id`, `patient_id`, `patient_profile_id`, `start_date`, `start_time`, `rejection_reason`, `created_at`, `confirmed_at`, `rejected_at`, `summary`, `description`, `status_id`, `time_id`) VALUES (9, 18, 25, 8, '2026-06-27', '10:30', '', NULL, NULL, NULL, 'Kham phu khoa', 'Khi hu bat thuong', 1, 4);
INSERT INTO `appointment` (`id`, `doctor_id`, `patient_id`, `patient_profile_id`, `start_date`, `start_time`, `rejection_reason`, `created_at`, `confirmed_at`, `rejected_at`, `summary`, `description`, `status_id`, `time_id`) VALUES (10, 19, 26, 10, '2026-06-27', '09:30', '', NULL, NULL, NULL, 'Kham ho hap', 'Ho khan', 3, 2);
INSERT INTO `appointment` (`id`, `doctor_id`, `patient_id`, `patient_profile_id`, `start_date`, `start_time`, `rejection_reason`, `created_at`, `confirmed_at`, `rejected_at`, `summary`, `description`, `status_id`, `time_id`) VALUES (11, 15, 23, 3, '2026-06-28', '10:00', '', NULL, NULL, NULL, 'Kham da day', 'Dau thuong vi', 2, 3);
INSERT INTO `appointment` (`id`, `doctor_id`, `patient_id`, `patient_profile_id`, `start_date`, `start_time`, `rejection_reason`, `created_at`, `confirmed_at`, `rejected_at`, `summary`, `description`, `status_id`, `time_id`) VALUES (12, 16, 25, 7, '2026-06-21', '09:00', '', NULL, NULL, NULL, 'Kham ngoai khoa', 'Dau hocheu phai', 1, 1);
INSERT INTO `appointment` (`id`, `doctor_id`, `patient_id`, `patient_profile_id`, `start_date`, `start_time`, `rejection_reason`, `created_at`, `confirmed_at`, `rejected_at`, `summary`, `description`, `status_id`, `time_id`) VALUES (13, 17, 22, 2, '2026-06-20', '09:30', '', NULL, NULL, NULL, 'Kham nhi', 'Tre ho so mui', 1, 2);
INSERT INTO `appointment` (`id`, `doctor_id`, `patient_id`, `patient_profile_id`, `start_date`, `start_time`, `rejection_reason`, `created_at`, `confirmed_at`, `rejected_at`, `summary`, `description`, `status_id`, `time_id`) VALUES (14, 18, 26, 10, '2026-05-23', '10:00', '', NULL, NULL, NULL, 'Kham thai cu', 'Tuan 16', 3, 3);
INSERT INTO `appointment` (`id`, `doctor_id`, `patient_id`, `patient_profile_id`, `start_date`, `start_time`, `rejection_reason`, `created_at`, `confirmed_at`, `rejected_at`, `summary`, `description`, `status_id`, `time_id`) VALUES (15, 19, 24, 6, '2026-06-17', '09:00', '', NULL, NULL, NULL, 'Kham tong quat cu', 'Kiem tra suc khoe', 1, 1);
INSERT INTO `appointment` (`id`, `doctor_id`, `patient_id`, `patient_profile_id`, `start_date`, `start_time`, `rejection_reason`, `created_at`, `confirmed_at`, `rejected_at`, `summary`, `description`, `status_id`, `time_id`) VALUES (18, 15, 41, 13, '2026-06-23', '09:00', '', '2026-06-22 17:14:51', '2026-06-22 17:18:49', NULL, 'đau đầu', '', 1, 1);

TRUNCATE `appointment_status`;
INSERT INTO `appointment_status` (`id`, `status`) VALUES (1, 'Accepted');
INSERT INTO `appointment_status` (`id`, `status`) VALUES (2, 'Waited');
INSERT INTO `appointment_status` (`id`, `status`) VALUES (3, 'Cancelled');

TRUNCATE `cls_indication`;
INSERT INTO `cls_indication` (`id`, `examination_record_id`, `cls_service_id`, `status`, `result`, `result_date`, `performed_by_id`, `performed_by`) VALUES (1, 1, 1, 'completed', 'XN mau: BT', '2026-06-21 01:48:04', 15, 15);
INSERT INTO `cls_indication` (`id`, `examination_record_id`, `cls_service_id`, `status`, `result`, `result_date`, `performed_by_id`, `performed_by`) VALUES (2, 1, 3, 'pending', '', NULL, NULL, NULL);
INSERT INTO `cls_indication` (`id`, `examination_record_id`, `cls_service_id`, `status`, `result`, `result_date`, `performed_by_id`, `performed_by`) VALUES (3, 2, 2, 'completed', 'Nuoc tieu: BT', '2026-06-21 04:48:04', 16, 16);
INSERT INTO `cls_indication` (`id`, `examination_record_id`, `cls_service_id`, `status`, `result`, `result_date`, `performed_by_id`, `performed_by`) VALUES (4, 2, 4, 'pending', '', NULL, NULL, NULL);
INSERT INTO `cls_indication` (`id`, `examination_record_id`, `cls_service_id`, `status`, `result`, `result_date`, `performed_by_id`, `performed_by`) VALUES (5, 3, 3, 'completed', 'Sieu am: Thai BT', '2026-06-22 01:48:04', 18, 18);
INSERT INTO `cls_indication` (`id`, `examination_record_id`, `cls_service_id`, `status`, `result`, `result_date`, `performed_by_id`, `performed_by`) VALUES (6, 3, 6, 'pending', '', NULL, NULL, NULL);
INSERT INTO `cls_indication` (`id`, `examination_record_id`, `cls_service_id`, `status`, `result`, `result_date`, `performed_by_id`, `performed_by`) VALUES (7, 4, 4, 'completed', 'X-quang: BT', '2026-06-22 04:48:04', 15, 15);
INSERT INTO `cls_indication` (`id`, `examination_record_id`, `cls_service_id`, `status`, `result`, `result_date`, `performed_by_id`, `performed_by`) VALUES (8, 4, 2, 'pending', '', NULL, NULL, NULL);
INSERT INTO `cls_indication` (`id`, `examination_record_id`, `cls_service_id`, `status`, `result`, `result_date`, `performed_by_id`, `performed_by`) VALUES (9, 5, 5, 'completed', 'ECG: Nhip xoang deu', '2026-06-20 04:48:04', 19, 19);
INSERT INTO `cls_indication` (`id`, `examination_record_id`, `cls_service_id`, `status`, `result`, `result_date`, `performed_by_id`, `performed_by`) VALUES (10, 5, 1, 'pending', '', NULL, NULL, NULL);
INSERT INTO `cls_indication` (`id`, `examination_record_id`, `cls_service_id`, `status`, `result`, `result_date`, `performed_by_id`, `performed_by`) VALUES (11, 6, 6, 'completed', 'Sinh hoa: BC tang nhe', '2026-06-19 04:48:04', 17, 17);
INSERT INTO `cls_indication` (`id`, `examination_record_id`, `cls_service_id`, `status`, `result`, `result_date`, `performed_by_id`, `performed_by`) VALUES (12, 6, 3, 'pending', '', NULL, NULL, NULL);
INSERT INTO `cls_indication` (`id`, `examination_record_id`, `cls_service_id`, `status`, `result`, `result_date`, `performed_by_id`, `performed_by`) VALUES (13, 7, 7, 'completed', 'Noi soi: Viem am dao', '2026-06-22 13:48:04', 18, 18);
INSERT INTO `cls_indication` (`id`, `examination_record_id`, `cls_service_id`, `status`, `result`, `result_date`, `performed_by_id`, `performed_by`) VALUES (14, 7, 2, 'pending', '', NULL, NULL, NULL);
INSERT INTO `cls_indication` (`id`, `examination_record_id`, `cls_service_id`, `status`, `result`, `result_date`, `performed_by_id`, `performed_by`) VALUES (15, 8, 1, 'completed', 'XN mau: BT', '2026-06-18 04:48:04', 19, 19);
INSERT INTO `cls_indication` (`id`, `examination_record_id`, `cls_service_id`, `status`, `result`, `result_date`, `performed_by_id`, `performed_by`) VALUES (16, 8, 5, 'pending', '', NULL, NULL, NULL);
INSERT INTO `cls_indication` (`id`, `examination_record_id`, `cls_service_id`, `status`, `result`, `result_date`, `performed_by_id`, `performed_by`) VALUES (17, 9, 4, 'completed', 'X-quang: Ton thuong', '2026-06-22 18:48:04', 16, 16);
INSERT INTO `cls_indication` (`id`, `examination_record_id`, `cls_service_id`, `status`, `result`, `result_date`, `performed_by_id`, `performed_by`) VALUES (18, 9, 7, 'pending', '', NULL, NULL, NULL);
INSERT INTO `cls_indication` (`id`, `examination_record_id`, `cls_service_id`, `status`, `result`, `result_date`, `performed_by_id`, `performed_by`) VALUES (19, 10, 6, 'completed', 'Sinh hoa: BT', '2026-06-17 04:48:04', 19, 19);
INSERT INTO `cls_indication` (`id`, `examination_record_id`, `cls_service_id`, `status`, `result`, `result_date`, `performed_by_id`, `performed_by`) VALUES (20, 10, 3, 'pending', '', NULL, NULL, NULL);
INSERT INTO `cls_indication` (`id`, `examination_record_id`, `cls_service_id`, `status`, `result`, `result_date`, `performed_by_id`, `performed_by`) VALUES (21, 11, 1, 'pending', '', NULL, NULL, NULL);

TRUNCATE `cls_service`;
INSERT INTO `cls_service` (`id`, `name`, `description`) VALUES (1, 'Xét nghiệm máu', 'Xét nghiệm công thức máu toàn phần');
INSERT INTO `cls_service` (`id`, `name`, `description`) VALUES (2, 'Xét nghiệm nước tiểu', 'Xét nghiệm tổng phân tích nước tiểu');
INSERT INTO `cls_service` (`id`, `name`, `description`) VALUES (3, 'Siêu âm tổng quát', 'Siêu âm ổ bụng tổng quát');
INSERT INTO `cls_service` (`id`, `name`, `description`) VALUES (4, 'Chụp X-quang', 'Chụp X-quang phổi thẳng');
INSERT INTO `cls_service` (`id`, `name`, `description`) VALUES (5, 'Điện tâm đồ', 'Đo điện tâm đồ ECG');
INSERT INTO `cls_service` (`id`, `name`, `description`) VALUES (6, 'Xét nghiệm sinh hóa', 'Xét nghiệm chức năng gan, thận');
INSERT INTO `cls_service` (`id`, `name`, `description`) VALUES (7, 'Nội soi', 'Nội soi dạ dày - tá tràng');

TRUNCATE `doctor_profile`;
INSERT INTO `doctor_profile` (`user_id`, `specialty_id`, `bio`) VALUES (15, 1, 'BS CK I Noi khoa');
INSERT INTO `doctor_profile` (`user_id`, `specialty_id`, `bio`) VALUES (16, 2, 'BS CK II Ngoai khoa');
INSERT INTO `doctor_profile` (`user_id`, `specialty_id`, `bio`) VALUES (17, 3, 'BS CK I Nhi khoa');
INSERT INTO `doctor_profile` (`user_id`, `specialty_id`, `bio`) VALUES (18, 4, 'BS CK I San phu khoa');
INSERT INTO `doctor_profile` (`user_id`, `specialty_id`, `bio`) VALUES (19, 1, 'BS da khoa');

TRUNCATE `doctors`;
INSERT INTO `doctors` (`user_id`, `specialty_id`, `bio`) VALUES (2, 1, 'BS CK I Noi khoa');
INSERT INTO `doctors` (`user_id`, `specialty_id`, `bio`) VALUES (3, 2, 'BS CK II Ngoai khoa');
INSERT INTO `doctors` (`user_id`, `specialty_id`, `bio`) VALUES (4, 3, 'BS CK I Nhi khoa');
INSERT INTO `doctors` (`user_id`, `specialty_id`, `bio`) VALUES (5, 4, 'BS CK I San phu khoa');
INSERT INTO `doctors` (`user_id`, `specialty_id`, `bio`) VALUES (6, 1, 'BS da khoa');

TRUNCATE `exam_vitals`;
INSERT INTO `exam_vitals` (`record_id`, `medical_history`, `pulse`, `temperature`, `blood_pressure`, `weight`, `health_status`) VALUES (1, 'Khong', '7', '36.8', '130/80', '68', 'Tinh, tiep xuc tot');
INSERT INTO `exam_vitals` (`record_id`, `medical_history`, `pulse`, `temperature`, `blood_pressure`, `weight`, `health_status`) VALUES (2, 'Khong', '8', '37.2', '120/70', '55', 'Tinh');
INSERT INTO `exam_vitals` (`record_id`, `medical_history`, `pulse`, `temperature`, `blood_pressure`, `weight`, `health_status`) VALUES (3, 'Khong', '7', '36.9', '110/70', '60', 'Tinh');
INSERT INTO `exam_vitals` (`record_id`, `medical_history`, `pulse`, `temperature`, `blood_pressure`, `weight`, `health_status`) VALUES (4, 'THA 2 nam', '8', '36.7', '145/90', '72', 'Tinh');
INSERT INTO `exam_vitals` (`record_id`, `medical_history`, `pulse`, `temperature`, `blood_pressure`, `weight`, `health_status`) VALUES (5, 'Khong', '7', '36.8', '120/80', '65', 'Tinh');
INSERT INTO `exam_vitals` (`record_id`, `medical_history`, `pulse`, `temperature`, `blood_pressure`, `weight`, `health_status`) VALUES (6, 'Khong', '9', '38.5', '125/85', '45', 'Met, sot cao');
INSERT INTO `exam_vitals` (`record_id`, `medical_history`, `pulse`, `temperature`, `blood_pressure`, `weight`, `health_status`) VALUES (7, 'Khong', '7', '36.9', '115/75', '58', 'Tinh');
INSERT INTO `exam_vitals` (`record_id`, `medical_history`, `pulse`, `temperature`, `blood_pressure`, `weight`, `health_status`) VALUES (8, 'Khong', '8', '36.6', '120/80', '70', 'Tinh');
INSERT INTO `exam_vitals` (`record_id`, `medical_history`, `pulse`, `temperature`, `blood_pressure`, `weight`, `health_status`) VALUES (9, 'Hut thuoc 10 nam', '8', '37.0', '125/85', '62', 'Tinh');
INSERT INTO `exam_vitals` (`record_id`, `medical_history`, `pulse`, `temperature`, `blood_pressure`, `weight`, `health_status`) VALUES (10, 'Khong', '7', '36.8', '130/85', '75', 'Tinh');

TRUNCATE `examination_record`;
INSERT INTO `examination_record` (`id`, `patient_profile_id`, `doctor_id`, `appointment_id`, `exam_date`, `room`, `reason`, `medical_history`, `family_history`, `pulse`, `temperature`, `blood_pressure`, `weight`, `health_status`, `diagnosis`) VALUES (1, 1, 15, 1, '2026-06-20 23:48:04', 'Phong 201', 'Dau dau cang thang', 'Khong', NULL, '7', '36.8', '130/80', '68', 'Tinh, tiep xuc tot', 'Viem xoang');
INSERT INTO `examination_record` (`id`, `patient_profile_id`, `doctor_id`, `appointment_id`, `exam_date`, `room`, `reason`, `medical_history`, `family_history`, `pulse`, `temperature`, `blood_pressure`, `weight`, `health_status`, `diagnosis`) VALUES (2, 3, 16, 2, '2026-06-20 23:48:04', 'Phong 202', 'Dau bung ha vi', 'Khong', NULL, '8', '37.2', '120/70', '55', 'Tinh', 'Viem ruot thua nhe');
INSERT INTO `examination_record` (`id`, `patient_profile_id`, `doctor_id`, `appointment_id`, `exam_date`, `room`, `reason`, `medical_history`, `family_history`, `pulse`, `temperature`, `blood_pressure`, `weight`, `health_status`, `diagnosis`) VALUES (3, 7, 18, 4, '2026-06-21 23:48:04', 'Phong 203', 'Kham thai tuan 20', 'Khong', NULL, '7', '36.9', '110/70', '60', 'Tinh', 'Thai binh thuong');
INSERT INTO `examination_record` (`id`, `patient_profile_id`, `doctor_id`, `appointment_id`, `exam_date`, `room`, `reason`, `medical_history`, `family_history`, `pulse`, `temperature`, `blood_pressure`, `weight`, `health_status`, `diagnosis`) VALUES (4, 3, 15, 6, '2026-06-21 23:48:04', 'Phong 201', 'Tai kham noi khoa', 'THA 2 nam', NULL, '8', '36.7', '145/90', '72', 'Tinh', 'Tang huyet ap');
INSERT INTO `examination_record` (`id`, `patient_profile_id`, `doctor_id`, `appointment_id`, `exam_date`, `room`, `reason`, `medical_history`, `family_history`, `pulse`, `temperature`, `blood_pressure`, `weight`, `health_status`, `diagnosis`) VALUES (5, 1, 19, NULL, '2026-06-19 23:48:04', 'Phong 204', 'Kham dau dau', 'Khong', NULL, '7', '36.8', '120/80', '65', 'Tinh', 'Roi loan tien dinh');
INSERT INTO `examination_record` (`id`, `patient_profile_id`, `doctor_id`, `appointment_id`, `exam_date`, `room`, `reason`, `medical_history`, `family_history`, `pulse`, `temperature`, `blood_pressure`, `weight`, `health_status`, `diagnosis`) VALUES (6, 7, 17, NULL, '2026-06-18 23:48:04', 'Phong 205', 'Kham sot', 'Khong', NULL, '9', '38.5', '125/85', '45', 'Met, sot cao', 'Viem hong cap');
INSERT INTO `examination_record` (`id`, `patient_profile_id`, `doctor_id`, `appointment_id`, `exam_date`, `room`, `reason`, `medical_history`, `family_history`, `pulse`, `temperature`, `blood_pressure`, `weight`, `health_status`, `diagnosis`) VALUES (7, 7, 18, 9, '2026-06-22 11:48:04', 'Phong 202', 'Kham phu khoa', 'Khong', NULL, '7', '36.9', '115/75', '58', 'Tinh', 'Viem am dao');
INSERT INTO `examination_record` (`id`, `patient_profile_id`, `doctor_id`, `appointment_id`, `exam_date`, `room`, `reason`, `medical_history`, `family_history`, `pulse`, `temperature`, `blood_pressure`, `weight`, `health_status`, `diagnosis`) VALUES (8, 6, 19, 15, '2026-06-17 23:48:04', 'Phong 203', 'Kham tong quat', 'Khong', NULL, '8', '36.6', '120/80', '70', 'Tinh', 'Suc khoe BT');
INSERT INTO `examination_record` (`id`, `patient_profile_id`, `doctor_id`, `appointment_id`, `exam_date`, `room`, `reason`, `medical_history`, `family_history`, `pulse`, `temperature`, `blood_pressure`, `weight`, `health_status`, `diagnosis`) VALUES (9, 4, 16, 7, '2026-06-22 15:48:04', 'Phong 301', 'Kham ho ra mau', 'Hut thuoc 10 nam', NULL, '8', '37.0', '125/85', '62', 'Tinh', 'Viem phe quan');
INSERT INTO `examination_record` (`id`, `patient_profile_id`, `doctor_id`, `appointment_id`, `exam_date`, `room`, `reason`, `medical_history`, `family_history`, `pulse`, `temperature`, `blood_pressure`, `weight`, `health_status`, `diagnosis`) VALUES (10, 10, 19, NULL, '2026-06-16 23:48:04', 'Phong 302', 'Dau lung', 'Khong', NULL, '7', '36.8', '130/85', '75', 'Tinh', 'Dau lung cot song');
INSERT INTO `examination_record` (`id`, `patient_profile_id`, `doctor_id`, `appointment_id`, `exam_date`, `room`, `reason`, `medical_history`, `family_history`, `pulse`, `temperature`, `blood_pressure`, `weight`, `health_status`, `diagnosis`) VALUES (11, 13, 15, 18, '2026-06-22 17:19:21', '101', '', '', '', '', '', '', '', '', '');

TRUNCATE `patient_account`;
INSERT INTO `patient_account` (`user_id`, `insurance`) VALUES (22, 'BHYT-VN001');
INSERT INTO `patient_account` (`user_id`, `insurance`) VALUES (23, 'BHYT-VN002');
INSERT INTO `patient_account` (`user_id`, `insurance`) VALUES (24, 'BHYT-VN003');
INSERT INTO `patient_account` (`user_id`, `insurance`) VALUES (25, 'BHYT-VN004');
INSERT INTO `patient_account` (`user_id`, `insurance`) VALUES (26, 'BHYT-VN005');
INSERT INTO `patient_account` (`user_id`, `insurance`) VALUES (41, '');

TRUNCATE `patient_docs`;
INSERT INTO `patient_docs` (`profile_id`, `phone`, `cccd`, `insurance`, `address`, `ward`, `city`) VALUES (1, '0123456789', '001202012345', 'BHYT-VN001', '101 Le Loi', 'Phuong 1', 'TP.HCM');
INSERT INTO `patient_docs` (`profile_id`, `phone`, `cccd`, `insurance`, `address`, `ward`, `city`) VALUES (2, '0123456789', '001202012345', 'BHYT-VN001', '101 Le Loi', 'Phuong 1', 'TP.HCM');
INSERT INTO `patient_docs` (`profile_id`, `phone`, `cccd`, `insurance`, `address`, `ward`, `city`) VALUES (3, '0123456790', '001202012346', 'BHYT-VN002', '102 Le Loi', 'Phuong 2', 'TP.HCM');
INSERT INTO `patient_docs` (`profile_id`, `phone`, `cccd`, `insurance`, `address`, `ward`, `city`) VALUES (4, '0123456790', '001202012346', 'BHYT-VN002', '102 Le Loi', 'Phuong 2', 'TP.HCM');
INSERT INTO `patient_docs` (`profile_id`, `phone`, `cccd`, `insurance`, `address`, `ward`, `city`) VALUES (5, '0123456791', '001202012347', 'BHYT-VN003', '103 Le Loi', 'Phuong 3', 'TP.HCM');
INSERT INTO `patient_docs` (`profile_id`, `phone`, `cccd`, `insurance`, `address`, `ward`, `city`) VALUES (6, '0123456791', '001202012347', 'BHYT-VN003', '103 Le Loi', 'Phuong 3', 'TP.HCM');
INSERT INTO `patient_docs` (`profile_id`, `phone`, `cccd`, `insurance`, `address`, `ward`, `city`) VALUES (7, '0123456792', '001202012348', 'BHYT-VN004', '104 Le Loi', 'Phuong 4', 'TP.HCM');
INSERT INTO `patient_docs` (`profile_id`, `phone`, `cccd`, `insurance`, `address`, `ward`, `city`) VALUES (8, '0123456792', '001202012348', 'BHYT-VN004', '104 Le Loi', 'Phuong 4', 'TP.HCM');
INSERT INTO `patient_docs` (`profile_id`, `phone`, `cccd`, `insurance`, `address`, `ward`, `city`) VALUES (9, '0123456793', '001202012349', 'BHYT-VN005', '105 Le Loi', 'Phuong 5', 'TP.HCM');
INSERT INTO `patient_docs` (`profile_id`, `phone`, `cccd`, `insurance`, `address`, `ward`, `city`) VALUES (10, '0123456793', '001202012349', 'BHYT-VN005', '105 Le Loi', 'Phuong 5', 'TP.HCM');

TRUNCATE `patient_profile`;
INSERT INTO `patient_profile` (`id`, `user_id`, `full_name`, `birth_year`, `birth_date`, `gender`, `phone`, `cccd`, `address`, `ward`, `city`, `insurance`, `created_at`) VALUES (1, 22, 'Hoang Van Huy', 1995, '1995-04-12', 'Male', '0123456789', '001202012345', '101 Le Loi', 'Phuong 1', 'TP.HCM', 'BHYT-VN001', '2026-06-22 23:48:04');
INSERT INTO `patient_profile` (`id`, `user_id`, `full_name`, `birth_year`, `birth_date`, `gender`, `phone`, `cccd`, `address`, `ward`, `city`, `insurance`, `created_at`) VALUES (2, 22, 'Hoang Thi Nhu', 2018, '2018-06-20', 'Female', '0123456789', '001202012345', '101 Le Loi', 'Phuong 1', 'TP.HCM', 'BHYT-VN001', '2026-06-22 23:48:04');
INSERT INTO `patient_profile` (`id`, `user_id`, `full_name`, `birth_year`, `birth_date`, `gender`, `phone`, `cccd`, `address`, `ward`, `city`, `insurance`, `created_at`) VALUES (3, 23, 'Tran Thi Lan', 1998, '1998-09-05', 'Female', '0123456790', '001202012346', '102 Le Loi', 'Phuong 2', 'TP.HCM', 'BHYT-VN002', '2026-06-22 23:48:04');
INSERT INTO `patient_profile` (`id`, `user_id`, `full_name`, `birth_year`, `birth_date`, `gender`, `phone`, `cccd`, `address`, `ward`, `city`, `insurance`, `created_at`) VALUES (4, 23, 'Tran Minh Khang', 2020, '2020-03-10', 'Male', '0123456790', '001202012346', '102 Le Loi', 'Phuong 2', 'TP.HCM', 'BHYT-VN002', '2026-06-22 23:48:04');
INSERT INTO `patient_profile` (`id`, `user_id`, `full_name`, `birth_year`, `birth_date`, `gender`, `phone`, `cccd`, `address`, `ward`, `city`, `insurance`, `created_at`) VALUES (5, 24, 'Le Van Tung', 1987, '1987-11-20', 'Male', '0123456791', '001202012347', '103 Le Loi', 'Phuong 3', 'TP.HCM', 'BHYT-VN003', '2026-06-22 23:48:04');
INSERT INTO `patient_profile` (`id`, `user_id`, `full_name`, `birth_year`, `birth_date`, `gender`, `phone`, `cccd`, `address`, `ward`, `city`, `insurance`, `created_at`) VALUES (6, 24, 'Le Thi Mai', 2015, '2015-07-15', 'Female', '0123456791', '001202012347', '103 Le Loi', 'Phuong 3', 'TP.HCM', 'BHYT-VN003', '2026-06-22 23:48:04');
INSERT INTO `patient_profile` (`id`, `user_id`, `full_name`, `birth_year`, `birth_date`, `gender`, `phone`, `cccd`, `address`, `ward`, `city`, `insurance`, `created_at`) VALUES (7, 25, 'Pham Thi Hoa', 2000, '2000-03-15', 'Female', '0123456792', '001202012348', '104 Le Loi', 'Phuong 4', 'TP.HCM', 'BHYT-VN004', '2026-06-22 23:48:04');
INSERT INTO `patient_profile` (`id`, `user_id`, `full_name`, `birth_year`, `birth_date`, `gender`, `phone`, `cccd`, `address`, `ward`, `city`, `insurance`, `created_at`) VALUES (8, 25, 'Pham Minh Tuan', 2022, '2022-01-25', 'Male', '0123456792', '001202012348', '104 Le Loi', 'Phuong 4', 'TP.HCM', 'BHYT-VN004', '2026-06-22 23:48:04');
INSERT INTO `patient_profile` (`id`, `user_id`, `full_name`, `birth_year`, `birth_date`, `gender`, `phone`, `cccd`, `address`, `ward`, `city`, `insurance`, `created_at`) VALUES (9, 26, 'Nguyen Van Nam', 1975, '1975-08-30', 'Male', '0123456793', '001202012349', '105 Le Loi', 'Phuong 5', 'TP.HCM', 'BHYT-VN005', '2026-06-22 23:48:04');
INSERT INTO `patient_profile` (`id`, `user_id`, `full_name`, `birth_year`, `birth_date`, `gender`, `phone`, `cccd`, `address`, `ward`, `city`, `insurance`, `created_at`) VALUES (10, 26, 'Nguyen Thi Ha', 2005, '2005-04-18', 'Female', '0123456793', '001202012349', '105 Le Loi', 'Phuong 5', 'TP.HCM', 'BHYT-VN005', '2026-06-22 23:48:04');
INSERT INTO `patient_profile` (`id`, `user_id`, `full_name`, `birth_year`, `birth_date`, `gender`, `phone`, `cccd`, `address`, `ward`, `city`, `insurance`, `created_at`) VALUES (13, 41, 'Hoàng Nhất', 2005, '2005-12-11', 'Male', '0365844361', '0182478458392', 'Tân Đức ', 'Phú Bình ', 'Thái Nguyên', '0129748367', '2026-06-22 17:12:13');

TRUNCATE `receptionist_profile`;
INSERT INTO `receptionist_profile` (`user_id`, `employee_id`, `phone`, `address`, `start_date`, `note`) VALUES (20, 'LT001', '0909888777', '', '2025-01-01', '');
INSERT INTO `receptionist_profile` (`user_id`, `employee_id`, `phone`, `address`, `start_date`, `note`) VALUES (21, 'LT002', '0909666555', NULL, '2025-04-01', NULL);

TRUNCATE `specialty`;
INSERT INTO `specialty` (`id`, `name`, `description`) VALUES (1, 'Nội tổng quát', 'Khám và điều trị các bệnh nội khoa tổng quát.');
INSERT INTO `specialty` (`id`, `name`, `description`) VALUES (2, 'Tim mạch', 'Khám và điều trị các bệnh về tim mạch.');
INSERT INTO `specialty` (`id`, `name`, `description`) VALUES (3, 'Da liễu', 'Khám và điều trị các bệnh về da, tóc, móng.');
INSERT INTO `specialty` (`id`, `name`, `description`) VALUES (4, 'Cơ xương khớp', 'Khám và điều trị các bệnh về cơ xương khớp.');
INSERT INTO `specialty` (`id`, `name`, `description`) VALUES (5, 'Tiêu hóa', 'Khám và điều trị các bệnh về tiêu hóa.');
INSERT INTO `specialty` (`id`, `name`, `description`) VALUES (6, 'Thần kinh', 'Khám và điều trị các bệnh về thần kinh.');
INSERT INTO `specialty` (`id`, `name`, `description`) VALUES (7, 'Mắt', 'Khám và điều trị các bệnh về mắt.');
INSERT INTO `specialty` (`id`, `name`, `description`) VALUES (8, 'Nhi khoa', 'Khám và điều trị bệnh trẻ em.');
INSERT INTO `specialty` (`id`, `name`, `description`) VALUES (9, 'Tâm thần', 'Khám và điều trị các rối loạn tâm thần.');
INSERT INTO `specialty` (`id`, `name`, `description`) VALUES (10, 'Miễn dịch', 'Khám và điều trị các bệnh tự miễn và viêm.');
INSERT INTO `specialty` (`id`, `name`, `description`) VALUES (11, 'Ngoại tổng quát', 'Khám và điều trị bệnh ngoại khoa');
INSERT INTO `specialty` (`id`, `name`, `description`) VALUES (12, 'Sản phụ khoa', 'Khám và điều trị bệnh phụ nữ');

TRUNCATE `system_user`;
INSERT INTO `system_user` (`id`, `last_login`, `is_superuser`, `is_staff`, `is_active`, `date_joined`, `email`, `username`, `password`, `first_name`, `last_name`, `gender`, `birthday`, `is_doctor`, `is_receptionist`, `is_admin`, `profile_avatar`, `id_address_id`) VALUES (1, '2026-06-22 17:21:07.414796', 0, 0, 1, '2026-06-22 16:17:50.574886', 'admin@pbmed.vn', 'admin', 'pbkdf2_sha256$1000000$LBXfbi7Y17XjExhwOH0RXk$DwjhKSWiQENOkvuguOde0tNpXzRmP874bZMkhmbSyTQ=', 'Admin', 'Quản trị', 'not_known', NULL, 0, 0, 1, 'doctor/profiles/download.png', NULL);
INSERT INTO `system_user` (`id`, `last_login`, `is_superuser`, `is_staff`, `is_active`, `date_joined`, `email`, `username`, `password`, `first_name`, `last_name`, `gender`, `birthday`, `is_doctor`, `is_receptionist`, `is_admin`, `profile_avatar`, `id_address_id`) VALUES (15, '2026-06-22 17:16:28.237404', 0, 0, 1, '2026-06-22 23:47:55', 'bs.tuan@pbmed.vn', 'doc001', 'pbkdf2_sha256$1000000$8zMjxhZzq8U4dMvNaN0KXj$LploUxVzK38zHOz360yMtMYrnTCd0kvC3pPzR+Dmtm4=', 'Tuấn', 'Nguyễn Văn', 'Male', '1980-05-15', 1, 0, 0, '', NULL);
INSERT INTO `system_user` (`id`, `last_login`, `is_superuser`, `is_staff`, `is_active`, `date_joined`, `email`, `username`, `password`, `first_name`, `last_name`, `gender`, `birthday`, `is_doctor`, `is_receptionist`, `is_admin`, `profile_avatar`, `id_address_id`) VALUES (16, '2026-06-22 23:47:55', 0, 0, 1, '2026-06-22 23:47:55', 'bs.huong@pbmed.vn', 'doc002', 'pbkdf2_sha256$1000000$yFeyQyst9oFNZpNughnzj6$ZBEh8PMqZ469/C/EGnKWVJx0L3IqRmZofqmHO36XH0Y=', 'Hương', 'Lê Thị', 'Female', '1985-08-20', 1, 0, 0, '', NULL);
INSERT INTO `system_user` (`id`, `last_login`, `is_superuser`, `is_staff`, `is_active`, `date_joined`, `email`, `username`, `password`, `first_name`, `last_name`, `gender`, `birthday`, `is_doctor`, `is_receptionist`, `is_admin`, `profile_avatar`, `id_address_id`) VALUES (17, '2026-06-22 23:47:55', 0, 0, 1, '2026-06-22 23:47:55', 'bs.manh@pbmed.vn', 'doc003', 'pbkdf2_sha256$720000$wWxDyaOY0nOG4WxBBthVbw$sTRw5MBNPkGf6ONI4Vg6be4ekmh8ptBZ2DOykBymdxc=', 'Mạnh', 'Phạm Đức', 'Male', '1982-11-10', 1, 0, 0, '', NULL);
INSERT INTO `system_user` (`id`, `last_login`, `is_superuser`, `is_staff`, `is_active`, `date_joined`, `email`, `username`, `password`, `first_name`, `last_name`, `gender`, `birthday`, `is_doctor`, `is_receptionist`, `is_admin`, `profile_avatar`, `id_address_id`) VALUES (18, '2026-06-22 23:47:55', 0, 0, 1, '2026-06-22 23:47:55', 'bs.lan@pbmed.vn', 'doc004', 'pbkdf2_sha256$1000000$47xRmZQJk67bcOBdRV0GEo$R+KVMisw59aUyjodeyqjuepPuqyH3g8VG6No81pOjh8=', 'Lan', 'Đỗ Thị', 'Female', '1988-03-25', 1, 0, 0, '', NULL);
INSERT INTO `system_user` (`id`, `last_login`, `is_superuser`, `is_staff`, `is_active`, `date_joined`, `email`, `username`, `password`, `first_name`, `last_name`, `gender`, `birthday`, `is_doctor`, `is_receptionist`, `is_admin`, `profile_avatar`, `id_address_id`) VALUES (19, '2026-06-22 23:47:55', 0, 0, 1, '2026-06-22 23:47:55', 'bs.quang@pbmed.vn', 'doc005', 'pbkdf2_sha256$720000$wWxDyaOY0nOG4WxBBthVbw$sTRw5MBNPkGf6ONI4Vg6be4ekmh8ptBZ2DOykBymdxc=', 'Quang', 'Hoàng Minh', 'Male', '1990-07-18', 1, 0, 0, '', NULL);
INSERT INTO `system_user` (`id`, `last_login`, `is_superuser`, `is_staff`, `is_active`, `date_joined`, `email`, `username`, `password`, `first_name`, `last_name`, `gender`, `birthday`, `is_doctor`, `is_receptionist`, `is_admin`, `profile_avatar`, `id_address_id`) VALUES (20, '2026-06-22 17:25:16.136748', 0, 0, 1, '2026-06-22 23:47:55', 'reception01@pbmed.vn', 'reception01', 'pbkdf2_sha256$1000000$xbn7Nh7iBURhvtcTYxPYbD$2It0jdgwEM0X0fPSCWr1zHYgngvhjePKfbMDt5t8Raw=', 'Minh', 'Nguyễn Thị', 'Female', '1995-02-10', 0, 1, 0, '', NULL);
INSERT INTO `system_user` (`id`, `last_login`, `is_superuser`, `is_staff`, `is_active`, `date_joined`, `email`, `username`, `password`, `first_name`, `last_name`, `gender`, `birthday`, `is_doctor`, `is_receptionist`, `is_admin`, `profile_avatar`, `id_address_id`) VALUES (21, '2026-06-22 23:47:55', 0, 0, 1, '2026-06-22 23:47:55', 'reception02@pbmed.vn', 'reception02', 'pbkdf2_sha256$720000$wWxDyaOY0nOG4WxBBthVbw$sTRw5MBNPkGf6ONI4Vg6be4ekmh8ptBZ2DOykBymdxc=', 'Tran', 'Hoa', 'Female', '1998-06-14', 0, 1, 0, '', NULL);
INSERT INTO `system_user` (`id`, `last_login`, `is_superuser`, `is_staff`, `is_active`, `date_joined`, `email`, `username`, `password`, `first_name`, `last_name`, `gender`, `birthday`, `is_doctor`, `is_receptionist`, `is_admin`, `profile_avatar`, `id_address_id`) VALUES (22, '2026-06-22 23:47:55', 0, 0, 1, '2026-06-22 23:47:55', 'patient01@pbmed.vn', 'patient01', 'pbkdf2_sha256$720000$wWxDyaOY0nOG4WxBBthVbw$sTRw5MBNPkGf6ONI4Vg6be4ekmh8ptBZ2DOykBymdxc=', 'Hoang', 'Huy', 'Male', '1995-04-12', 0, 0, 0, '', NULL);
INSERT INTO `system_user` (`id`, `last_login`, `is_superuser`, `is_staff`, `is_active`, `date_joined`, `email`, `username`, `password`, `first_name`, `last_name`, `gender`, `birthday`, `is_doctor`, `is_receptionist`, `is_admin`, `profile_avatar`, `id_address_id`) VALUES (23, '2026-06-22 23:47:55', 0, 0, 1, '2026-06-22 23:47:55', 'patient02@pbmed.vn', 'patient02', 'pbkdf2_sha256$720000$wWxDyaOY0nOG4WxBBthVbw$sTRw5MBNPkGf6ONI4Vg6be4ekmh8ptBZ2DOykBymdxc=', 'Tran', 'Lan', 'Female', '1998-09-05', 0, 0, 0, '', NULL);
INSERT INTO `system_user` (`id`, `last_login`, `is_superuser`, `is_staff`, `is_active`, `date_joined`, `email`, `username`, `password`, `first_name`, `last_name`, `gender`, `birthday`, `is_doctor`, `is_receptionist`, `is_admin`, `profile_avatar`, `id_address_id`) VALUES (24, '2026-06-22 23:47:55', 0, 0, 1, '2026-06-22 23:47:55', 'patient03@pbmed.vn', 'patient03', 'pbkdf2_sha256$720000$wWxDyaOY0nOG4WxBBthVbw$sTRw5MBNPkGf6ONI4Vg6be4ekmh8ptBZ2DOykBymdxc=', 'Le', 'Tung', 'Male', '1987-11-20', 0, 0, 0, '', NULL);
INSERT INTO `system_user` (`id`, `last_login`, `is_superuser`, `is_staff`, `is_active`, `date_joined`, `email`, `username`, `password`, `first_name`, `last_name`, `gender`, `birthday`, `is_doctor`, `is_receptionist`, `is_admin`, `profile_avatar`, `id_address_id`) VALUES (25, '2026-06-22 23:47:55', 0, 0, 1, '2026-06-22 23:47:55', 'patient04@pbmed.vn', 'patient04', 'pbkdf2_sha256$720000$wWxDyaOY0nOG4WxBBthVbw$sTRw5MBNPkGf6ONI4Vg6be4ekmh8ptBZ2DOykBymdxc=', 'Pham', 'Hoa', 'Female', '2000-03-15', 0, 0, 0, '', NULL);
INSERT INTO `system_user` (`id`, `last_login`, `is_superuser`, `is_staff`, `is_active`, `date_joined`, `email`, `username`, `password`, `first_name`, `last_name`, `gender`, `birthday`, `is_doctor`, `is_receptionist`, `is_admin`, `profile_avatar`, `id_address_id`) VALUES (26, '2026-06-22 23:47:55', 0, 0, 1, '2026-06-22 23:47:55', 'patient05@pbmed.vn', 'patient05', 'pbkdf2_sha256$720000$wWxDyaOY0nOG4WxBBthVbw$sTRw5MBNPkGf6ONI4Vg6be4ekmh8ptBZ2DOykBymdxc=', 'Nguyen', 'Nam', 'Male', '1975-08-30', 0, 0, 0, '', NULL);
INSERT INTO `system_user` (`id`, `last_login`, `is_superuser`, `is_staff`, `is_active`, `date_joined`, `email`, `username`, `password`, `first_name`, `last_name`, `gender`, `birthday`, `is_doctor`, `is_receptionist`, `is_admin`, `profile_avatar`, `id_address_id`) VALUES (41, '2026-06-22 17:09:14.841803', 0, 0, 1, '2026-06-22 17:09:07.131930', 'nhat@gmail.com', 'abc', 'pbkdf2_sha256$1000000$wNg0B8oDttobUBeUINZC7A$wHhz++kYkRmveYrXCEZ4sZT7d2cNZR07Mozd72lWpuM=', 'nhất', 'hoàng', 'Male', '2005-12-22', 0, 0, 0, 'doctor/profiles/download.png', NULL);

TRUNCATE `time_slot`;
INSERT INTO `time_slot` (`id`, `time`) VALUES (1, '09:00');
INSERT INTO `time_slot` (`id`, `time`) VALUES (2, '09:30');
INSERT INTO `time_slot` (`id`, `time`) VALUES (3, '10:00');
INSERT INTO `time_slot` (`id`, `time`) VALUES (4, '10:30');
INSERT INTO `time_slot` (`id`, `time`) VALUES (5, '11:00');
INSERT INTO `time_slot` (`id`, `time`) VALUES (6, '11:30');
INSERT INTO `time_slot` (`id`, `time`) VALUES (7, '12:00');
INSERT INTO `time_slot` (`id`, `time`) VALUES (8, '12:30');
INSERT INTO `time_slot` (`id`, `time`) VALUES (9, '13:00');
INSERT INTO `time_slot` (`id`, `time`) VALUES (10, '13:30');
INSERT INTO `time_slot` (`id`, `time`) VALUES (11, '14:00');
INSERT INTO `time_slot` (`id`, `time`) VALUES (12, '14:30');
INSERT INTO `time_slot` (`id`, `time`) VALUES (13, '15:00');
INSERT INTO `time_slot` (`id`, `time`) VALUES (14, '15:30');
INSERT INTO `time_slot` (`id`, `time`) VALUES (15, '16:00');
INSERT INTO `time_slot` (`id`, `time`) VALUES (16, '16:30');
INSERT INTO `time_slot` (`id`, `time`) VALUES (17, '17:00');

TRUNCATE `user_address`;
INSERT INTO `user_address` (`user_id`, `address_line`, `ward`, `city`, `province`) VALUES (1, '1 Hung Vuong', 'Phuong 1', 'TP.HCM', 'TP.HCM');
INSERT INTO `user_address` (`user_id`, `address_line`, `ward`, `city`, `province`) VALUES (15, '50 Nguyen Hue', 'Ben Nghe', 'Q.1', 'TP.HCM');
INSERT INTO `user_address` (`user_id`, `address_line`, `ward`, `city`, `province`) VALUES (16, '25 Le Duan', 'Ben Thanh', 'Q.1', 'TP.HCM');
INSERT INTO `user_address` (`user_id`, `address_line`, `ward`, `city`, `province`) VALUES (17, '80 CMT8', 'Phuong 5', 'Q.3', 'TP.HCM');
INSERT INTO `user_address` (`user_id`, `address_line`, `ward`, `city`, `province`) VALUES (18, '15 Vo Thi Sau', 'Phuong 7', 'Q.3', 'TP.HCM');
INSERT INTO `user_address` (`user_id`, `address_line`, `ward`, `city`, `province`) VALUES (19, '200 Nguyen Van Linh', 'Tan Thuan Tay', 'Q.7', 'TP.HCM');
INSERT INTO `user_address` (`user_id`, `address_line`, `ward`, `city`, `province`) VALUES (20, '123 Le Loi', 'Ben Nghe', 'Q.1', 'TP.HCM');
INSERT INTO `user_address` (`user_id`, `address_line`, `ward`, `city`, `province`) VALUES (21, '456 Le Loi', 'Ben Thanh', 'Q.1', 'TP.HCM');
INSERT INTO `user_address` (`user_id`, `address_line`, `ward`, `city`, `province`) VALUES (22, '101 Le Loi', 'Phuong 1', 'TP.HCM', 'TP.HCM');
INSERT INTO `user_address` (`user_id`, `address_line`, `ward`, `city`, `province`) VALUES (23, '102 Le Loi', 'Phuong 2', 'TP.HCM', 'TP.HCM');
INSERT INTO `user_address` (`user_id`, `address_line`, `ward`, `city`, `province`) VALUES (24, '103 Le Loi', 'Phuong 3', 'TP.HCM', 'TP.HCM');
INSERT INTO `user_address` (`user_id`, `address_line`, `ward`, `city`, `province`) VALUES (25, '104 Le Loi', 'Phuong 4', 'TP.HCM', 'TP.HCM');
INSERT INTO `user_address` (`user_id`, `address_line`, `ward`, `city`, `province`) VALUES (26, '105 Le Loi', 'Phuong 5', 'TP.HCM', 'TP.HCM');

TRUNCATE `user_info`;
INSERT INTO `user_info` (`user_id`, `first_name`, `last_name`, `phone`, `gender`, `birthday`, `profile_avatar`) VALUES (1, 'Admin', 'Quan tri', '0909000000', 'Male', '1990-01-01', '');
INSERT INTO `user_info` (`user_id`, `first_name`, `last_name`, `phone`, `gender`, `birthday`, `profile_avatar`) VALUES (15, 'Tuan', 'Nguyen Van', '0909000001', 'Male', '1980-05-15', '');
INSERT INTO `user_info` (`user_id`, `first_name`, `last_name`, `phone`, `gender`, `birthday`, `profile_avatar`) VALUES (16, 'Huong', 'Le Thi', '0909000002', 'Female', '1985-08-20', '');
INSERT INTO `user_info` (`user_id`, `first_name`, `last_name`, `phone`, `gender`, `birthday`, `profile_avatar`) VALUES (17, 'Manh', 'Pham Duc', '0909000003', 'Male', '1982-11-10', '');
INSERT INTO `user_info` (`user_id`, `first_name`, `last_name`, `phone`, `gender`, `birthday`, `profile_avatar`) VALUES (18, 'Lan', 'Do Thi', '0909000004', 'Female', '1988-03-25', '');
INSERT INTO `user_info` (`user_id`, `first_name`, `last_name`, `phone`, `gender`, `birthday`, `profile_avatar`) VALUES (19, 'Quang', 'Hoang Minh', '0909000005', 'Male', '1990-07-18', '');
INSERT INTO `user_info` (`user_id`, `first_name`, `last_name`, `phone`, `gender`, `birthday`, `profile_avatar`) VALUES (20, 'Minh', 'Nguyen Thi', '0909888777', 'Female', '1995-02-10', '');
INSERT INTO `user_info` (`user_id`, `first_name`, `last_name`, `phone`, `gender`, `birthday`, `profile_avatar`) VALUES (21, 'Hoa', 'Tran', '0909666555', 'Female', '1998-06-14', '');
INSERT INTO `user_info` (`user_id`, `first_name`, `last_name`, `phone`, `gender`, `birthday`, `profile_avatar`) VALUES (22, 'Huy', 'Hoang Van', '0123456789', 'Male', '1995-04-12', '');
INSERT INTO `user_info` (`user_id`, `first_name`, `last_name`, `phone`, `gender`, `birthday`, `profile_avatar`) VALUES (23, 'Lan', 'Tran Thi', '0123456790', 'Female', '1998-09-05', '');
INSERT INTO `user_info` (`user_id`, `first_name`, `last_name`, `phone`, `gender`, `birthday`, `profile_avatar`) VALUES (24, 'Tung', 'Le Van', '0123456791', 'Male', '1987-11-20', '');
INSERT INTO `user_info` (`user_id`, `first_name`, `last_name`, `phone`, `gender`, `birthday`, `profile_avatar`) VALUES (25, 'Hoa', 'Pham Thi', '0123456792', 'Female', '2000-03-15', '');
INSERT INTO `user_info` (`user_id`, `first_name`, `last_name`, `phone`, `gender`, `birthday`, `profile_avatar`) VALUES (26, 'Nam', 'Nguyen Van', '0123456793', 'Male', '1975-08-30', '');

TRUNCATE `users`;
INSERT INTO `users` (`id`, `password`, `last_login`, `is_superuser`, `username`, `email`, `is_staff`, `is_active`, `date_joined`, `is_doctor`, `is_receptionist`, `is_admin`) VALUES (1, 'pbkdf2_sha256$720000$wWxDyaOY0nOG4WxBBthVbw$sTRw5MBNPkGf6ONI4Vg6be4ekmh8ptBZ2DOykBymdxc=', '2026-06-22 23:43:28', 0, 'admin', 'admin@pbmed.vn', 1, 1, '2026-06-22 23:43:28', 0, 0, 1);
INSERT INTO `users` (`id`, `password`, `last_login`, `is_superuser`, `username`, `email`, `is_staff`, `is_active`, `date_joined`, `is_doctor`, `is_receptionist`, `is_admin`) VALUES (2, 'pbkdf2_sha256$720000$wWxDyaOY0nOG4WxBBthVbw$sTRw5MBNPkGf6ONI4Vg6be4ekmh8ptBZ2DOykBymdxc=', '2026-06-22 23:43:28', 0, 'doc001', 'bs.tuan@pbmed.vn', 0, 1, '2026-06-22 23:43:28', 1, 0, 0);
INSERT INTO `users` (`id`, `password`, `last_login`, `is_superuser`, `username`, `email`, `is_staff`, `is_active`, `date_joined`, `is_doctor`, `is_receptionist`, `is_admin`) VALUES (3, 'pbkdf2_sha256$720000$wWxDyaOY0nOG4WxBBthVbw$sTRw5MBNPkGf6ONI4Vg6be4ekmh8ptBZ2DOykBymdxc=', '2026-06-22 23:43:28', 0, 'doc002', 'bs.huong@pbmed.vn', 0, 1, '2026-06-22 23:43:28', 1, 0, 0);
INSERT INTO `users` (`id`, `password`, `last_login`, `is_superuser`, `username`, `email`, `is_staff`, `is_active`, `date_joined`, `is_doctor`, `is_receptionist`, `is_admin`) VALUES (4, 'pbkdf2_sha256$720000$wWxDyaOY0nOG4WxBBthVbw$sTRw5MBNPkGf6ONI4Vg6be4ekmh8ptBZ2DOykBymdxc=', '2026-06-22 23:43:28', 0, 'doc003', 'bs.manh@pbmed.vn', 0, 1, '2026-06-22 23:43:28', 1, 0, 0);
INSERT INTO `users` (`id`, `password`, `last_login`, `is_superuser`, `username`, `email`, `is_staff`, `is_active`, `date_joined`, `is_doctor`, `is_receptionist`, `is_admin`) VALUES (5, 'pbkdf2_sha256$720000$wWxDyaOY0nOG4WxBBthVbw$sTRw5MBNPkGf6ONI4Vg6be4ekmh8ptBZ2DOykBymdxc=', '2026-06-22 23:43:28', 0, 'doc004', 'bs.lan@pbmed.vn', 0, 1, '2026-06-22 23:43:28', 1, 0, 0);
INSERT INTO `users` (`id`, `password`, `last_login`, `is_superuser`, `username`, `email`, `is_staff`, `is_active`, `date_joined`, `is_doctor`, `is_receptionist`, `is_admin`) VALUES (6, 'pbkdf2_sha256$720000$wWxDyaOY0nOG4WxBBthVbw$sTRw5MBNPkGf6ONI4Vg6be4ekmh8ptBZ2DOykBymdxc=', '2026-06-22 23:43:28', 0, 'doc005', 'bs.quang@pbmed.vn', 0, 1, '2026-06-22 23:43:28', 1, 0, 0);
INSERT INTO `users` (`id`, `password`, `last_login`, `is_superuser`, `username`, `email`, `is_staff`, `is_active`, `date_joined`, `is_doctor`, `is_receptionist`, `is_admin`) VALUES (7, 'pbkdf2_sha256$720000$wWxDyaOY0nOG4WxBBthVbw$sTRw5MBNPkGf6ONI4Vg6be4ekmh8ptBZ2DOykBymdxc=', '2026-06-22 23:43:28', 0, 'reception01', 'reception01@pbmed.vn', 0, 1, '2026-06-22 23:43:28', 0, 1, 0);
INSERT INTO `users` (`id`, `password`, `last_login`, `is_superuser`, `username`, `email`, `is_staff`, `is_active`, `date_joined`, `is_doctor`, `is_receptionist`, `is_admin`) VALUES (8, 'pbkdf2_sha256$720000$wWxDyaOY0nOG4WxBBthVbw$sTRw5MBNPkGf6ONI4Vg6be4ekmh8ptBZ2DOykBymdxc=', '2026-06-22 23:43:28', 0, 'reception02', 'reception02@pbmed.vn', 0, 1, '2026-06-22 23:43:28', 0, 1, 0);
INSERT INTO `users` (`id`, `password`, `last_login`, `is_superuser`, `username`, `email`, `is_staff`, `is_active`, `date_joined`, `is_doctor`, `is_receptionist`, `is_admin`) VALUES (9, 'pbkdf2_sha256$720000$wWxDyaOY0nOG4WxBBthVbw$sTRw5MBNPkGf6ONI4Vg6be4ekmh8ptBZ2DOykBymdxc=', '2026-06-22 23:43:28', 0, 'patient01', 'patient01@pbmed.vn', 0, 1, '2026-06-22 23:43:28', 0, 0, 0);
INSERT INTO `users` (`id`, `password`, `last_login`, `is_superuser`, `username`, `email`, `is_staff`, `is_active`, `date_joined`, `is_doctor`, `is_receptionist`, `is_admin`) VALUES (10, 'pbkdf2_sha256$720000$wWxDyaOY0nOG4WxBBthVbw$sTRw5MBNPkGf6ONI4Vg6be4ekmh8ptBZ2DOykBymdxc=', '2026-06-22 23:43:28', 0, 'patient02', 'patient02@pbmed.vn', 0, 1, '2026-06-22 23:43:28', 0, 0, 0);
INSERT INTO `users` (`id`, `password`, `last_login`, `is_superuser`, `username`, `email`, `is_staff`, `is_active`, `date_joined`, `is_doctor`, `is_receptionist`, `is_admin`) VALUES (11, 'pbkdf2_sha256$720000$wWxDyaOY0nOG4WxBBthVbw$sTRw5MBNPkGf6ONI4Vg6be4ekmh8ptBZ2DOykBymdxc=', '2026-06-22 23:43:28', 0, 'patient03', 'patient03@pbmed.vn', 0, 1, '2026-06-22 23:43:28', 0, 0, 0);
INSERT INTO `users` (`id`, `password`, `last_login`, `is_superuser`, `username`, `email`, `is_staff`, `is_active`, `date_joined`, `is_doctor`, `is_receptionist`, `is_admin`) VALUES (12, 'pbkdf2_sha256$720000$wWxDyaOY0nOG4WxBBthVbw$sTRw5MBNPkGf6ONI4Vg6be4ekmh8ptBZ2DOykBymdxc=', '2026-06-22 23:43:28', 0, 'patient04', 'patient04@pbmed.vn', 0, 1, '2026-06-22 23:43:28', 0, 0, 0);
INSERT INTO `users` (`id`, `password`, `last_login`, `is_superuser`, `username`, `email`, `is_staff`, `is_active`, `date_joined`, `is_doctor`, `is_receptionist`, `is_admin`) VALUES (13, 'pbkdf2_sha256$720000$wWxDyaOY0nOG4WxBBthVbw$sTRw5MBNPkGf6ONI4Vg6be4ekmh8ptBZ2DOykBymdxc=', '2026-06-22 23:43:28', 0, 'patient05', 'patient05@pbmed.vn', 0, 1, '2026-06-22 23:43:28', 0, 0, 0);

SET FOREIGN_KEY_CHECKS = 1;